id,nom,prix,categorie,tag,description
blanc-de-blancs,Blanc de blancs,22.90,Bouteille 75cl,Nos champagnes,"Ce champagne d'une finesse rare est élaboré exclusivement à partir des meilleurs crus du cépage blanc champenois, le Chardonnay.
Il apporte l'élégance racée et la finesse et des arômes d'agrumes.
Cru très minéral aux notes fumées qui donne rondeur et légèreté.
Le blanc de blancs fera grande sensation lors d'un apéritif raffiné et sublimera la dégustation de volailles et de poissons tel un tartare de Saint-Pierre ou une truite saumonée."
champagne-brut,Champagne Brut,22.90,Bouteille 75cl,Nos champagnes,"Ce champagne de caractère allie avec harmonie les trois cépages champenois : le Chardonnay, le Pinot Noir et le Pinot Meunier.
Assemblage : 20 à 25 % de Chardonnay pour l'élégance et la finesse, 25 à 30 % de Pinot Noir pour la structure et environ 50 % de Pinot Meunier pour le fruité. Plus de 20 crus entrent dans sa composition, avec 25 à 30 % de vins de réserve suivant les années.
Vieillissement : 3 ans en caves centenaires taillées à même la craie, à l'abri de la lumière, pour offrir un vin à la maturité parfaite.
Notes de dégustation : robe dorée, couleur or chaud presque ambré ; nez aux parfums d'épices et de beurre frais ; bouche fraîche, puissante et charpentée.
Accords mets/vins : parfait à l'apéritif, il constitue aussi l'accord idéal avec de nombreux mets, notamment les viandes tendres comme un magret de canard parfumé au miel et baies sauvages.
Servir frais à 7-8°C."
champagne-demi-sec,Champagne Demi-sec,22.90,Bouteille 75cl,Nos champagnes,"Ce champagne de caractère allie avec harmonie les trois cépages champenois : le Chardonnay, le Pinot Noir et le Pinot Meunier.
Assemblage : 25 à 30 % de Chardonnay pour l'élégance et la finesse, 20 % de Pinot Noir pour la structure et environ 50 % de Pinot Meunier pour le fruité. Plus de 20 crus entrent dans sa composition, avec 30 à 35 % de vins de réserve suivant les années.
Vieillissement : 3 ans en caves centenaires taillées à même la craie, à l'abri de la lumière, pour une maturité parfaite.
Notes de dégustation : un or jaune lumineux à l'effervescence langoureuse ; nez de meringue et de praline ; bouche aux notes d'agrumes confits.
Accords mets/vins : s'associe divinement avec de nombreux desserts, comme une crème vanillée caramélisée à la cassonade ou de succulentes pralines. Se marie aussi aisément avec un foie gras.
Servir frais à 7-8°C."
champagne-millesime,Champagne Millésime,29.90,Bouteille 75cl,Nos champagnes,"Ce champagne met en évidence l'expression d'une année de vendange exceptionnelle. Ce vin rare invite à la découverte de nouvelles sensations.
Assemblage : 45 % de Chardonnay pour l'élégance et la finesse, 55 % de Pinot Noir pour la structure. Ces cépages sont exclusivement issus de la vendange d'une même année. Près de 10 crus entrent dans sa composition, exclusivement issus des 1ers et Grands Crus champenois.
Vieillissement : 7 ans, stocké à l'abri de la lumière dans des caves centenaires taillées à même la craie.
Notes de dégustation : reflets dorés ; nez de pains grillés ; bouche aux saveurs d'agrumes, association rare de fraîcheur et de longueur.
Accords mets/vins : champagne de début de repas, il se déguste aussi avec un veau de lait rôti, jus à l'huile de noisette et champignons des bois, ou avec un foie gras.
Servir frais à 7-8°C."
champagne-pink-flower,Champagne Pink Flower,34.50,Bouteille 75cl,Nos champagnes,"Ce champagne séduction, à la robe rose-framboise, est gage de tendresse et d'harmonie. Ce n'est pas un rosé brut classique : nous avons recherché un équilibre entre le brut et le demi-sec, avec une vinification en rouge à partir de pinots de plus de 40 ans, qui lui donne ses arômes de fruits rouges.
Assemblage : 40 % de Chardonnay pour l'élégance et la finesse, 50 % de Pinot Noir pour la structure et la couleur, 10 % de Pinot Meunier pour le fruité. Une vingtaine de crus entrent dans sa composition, avec 20 à 25 % de vins de réserve suivant les années.
Apparence : une robe d'un rose chatoyant, presque envoûtant, qui met en évidence le caractère fruité de ce vin rare et unique.
Notes de dégustation : nez de fruits rouges et de fraises des bois ; bouche onctueuse et fruitée développant des arômes de rose, de miel et de cannelle.
Accords mets/vins : idéal en toutes occasions à l'apéritif, il trouve aussi sa place au dessert, avec une feuillantine de fraises des bois ou un macaron aux framboises.
Servir frais à 7-8°C."
bulles-de-vanille,Bulles de Vanille,24.90,Bulles de Vanille,Bulles de Vanille,"Une création unique au monde, née d'une envie d'innover autour du champagne : un effervescent élaboré dans le Vercors, dans lequel macère une gousse de vanille bourbon de Madagascar — un savoir-faire que nous avons fait breveter.
Cépages : Muscat Blanc à petits grains 75 %, Clairette Blanche 25 %, menés en culture raisonnée.
Vinification — Méthode Ancestrale : après un débourbage d'une semaine, la fermentation lente est effectuée à partir de levures indigènes sous contrôle de température. La prise de mousse en bouteille se fait à partir du sucre résiduel du raisin, sans adjonction de liqueur de tirage. L'élimination du dépôt intervient au minimum 4 mois après la mise en bouteille, sans liqueur d'expédition, avant l'ajout de la gousse de vanille.
Titrage : 8,5 à 9° suivant les années. Sucre résiduel : 55 à 60 g/l, sans sucres ajoutés. À boire jeune.
Conseil de dégustation : vin naturellement effervescent à la robe pâle et aux reflets argentés. À servir frais, entre amis à l'apéritif ou sur un dessert comme une tarte aux pommes ou une crème brûlée."
bulles-de-vanille-rose,Bulles de Vanille Rosé,26.90,Bulles de Vanille,Bulles de Vanille,"La version rosée de notre effervescent breveté à la vanille bourbon de Madagascar, tout en douceur et en fraîcheur.
Cépages : Muscat Blanc à petits grains 85 %, Clairette Blanche 10 %, Gamay 5 %, menés en culture raisonnée.
Vinification — Méthode Ancestrale : élaborée à partir d'une sélection de terroirs de marnes blanches, exposés sud-ouest, pour favoriser la vivacité plutôt que le côté muscat. Le Gamay subit une macération à froid d'une semaine et son pressurage est effectué en cours de fermentation. La fermentation lente de la totalité des jus est effectuée à partir de levures indigènes sous contrôle de température, avant l'ajout de la gousse de vanille.
Titrage : 7,5 à 8° suivant les années. Sucre résiduel : 55 à 60 g/l, sans sucres ajoutés. À boire jeune.
Conseil de dégustation : vin naturellement effervescent à la robe rose saumon soutenue. À servir frais, entre amis à l'apéritif ou sur un dessert comme une tarte aux fraises ou une salade de fruits."
coffret-2-verres,Coffret + 2 verres,12.00,Coffret,Coffret,"Un coffret élégant associant une bouteille de votre choix à deux flûtes de dégustation.
L'idée cadeau prête à offrir, pensée pour un moment à deux."
demi-bouteille-brut,Demi-bouteille Brut,14.50,Demi-Bouteille,Demi-Bouteille,"Le format idéal pour une dégustation en petit comité.
Même exigence et même savoir-faire que notre cuvée Brut classique, dans un format de 37,5cl."
magnum-brut,Magnum Brut,49.90,Magnum,Magnum,"Le format Magnum (1,5L) permet un vieillissement plus lent et harmonieux du champagne.
Idéal pour marquer les grandes occasions et impressionner vos invités.
Une pièce maîtresse pour votre table de fête."
ratafia,Ratafia,16.50,Ratafia,Ratafia,"Vin de liqueur traditionnel champenois, élaboré à partir de moût de raisin et d'eau-de-vie de marc.
Une boisson de caractère à déguster à l'apéritif, bien frais, ou en accompagnement d'un dessert."
